<?xml version="1.0" encoding="UTF-8"?>
<project-private xmlns="http://www.netbeans.org/ns/project-private/1">
    <editor-bookmarks xmlns="http://www.netbeans.org/ns/editor-bookmarks/2" lastBookmarkId="0"/>
    <open-files xmlns="http://www.netbeans.org/ns/projectui-open-files/2">
        <group>
            <file>file:/C:/Users/ADMIN/Documents/NetBeansProjects/AssignmentPRJ/src/java/homeControl/LogOutServlet.java</file>
            <file>file:/C:/Users/ADMIN/Documents/NetBeansProjects/AssignmentPRJ/src/java/homeControl/DetailServlet.java</file>
            <file>file:/C:/Users/ADMIN/Documents/NetBeansProjects/AssignmentPRJ/src/java/homeControl/LoginServlet.java</file>
            <file>file:/C:/Users/ADMIN/Documents/NetBeansProjects/AssignmentPRJ/src/java/homeControl/SignUpServlet.java</file>
            <file>file:/C:/Users/ADMIN/Documents/NetBeansProjects/AssignmentPRJ/src/java/entry/Account.java</file>
            <file>file:/C:/Users/ADMIN/Documents/NetBeansProjects/AssignmentPRJ/src/java/filter/Admin.java</file>
            <file>file:/C:/Users/ADMIN/Documents/NetBeansProjects/AssignmentPRJ/src/java/cartControl/DeleteCart.java</file>
            <file>file:/C:/Users/ADMIN/Documents/NetBeansProjects/AssignmentPRJ/src/java/entry/Cart.java</file>
            <file>file:/C:/Users/ADMIN/Documents/NetBeansProjects/AssignmentPRJ/web/index.html</file>
            <file>file:/C:/Users/ADMIN/Documents/NetBeansProjects/AssignmentPRJ/web/ManagerProduct.jsp</file>
            <file>file:/C:/Users/ADMIN/Documents/NetBeansProjects/AssignmentPRJ/web/Transaction.jsp</file>
            <file>file:/C:/Users/ADMIN/Documents/NetBeansProjects/AssignmentPRJ/src/java/cartControl/IncreaseServlet.java</file>
            <file>file:/C:/Users/ADMIN/Documents/NetBeansProjects/AssignmentPRJ/src/java/cartControl/checkOutServlet.java</file>
            <file>file:/C:/Users/ADMIN/Documents/NetBeansProjects/AssignmentPRJ/web/Cart.jsp</file>
            <file>file:/C:/Users/ADMIN/Documents/NetBeansProjects/AssignmentPRJ/src/java/cartControl/LoadCart.java</file>
            <file>file:/C:/Users/ADMIN/Documents/NetBeansProjects/AssignmentPRJ/src/java/productControl/EditServlet.java</file>
            <file>file:/C:/Users/ADMIN/Documents/NetBeansProjects/AssignmentPRJ/src/java/entry/Order.java</file>
            <file>file:/C:/Users/ADMIN/Documents/NetBeansProjects/AssignmentPRJ/src/java/homeControl/HomeServlet.java</file>
            <file>file:/C:/Users/ADMIN/Documents/NetBeansProjects/AssignmentPRJ/src/java/entry/Email.java</file>
            <file>file:/C:/Users/ADMIN/Documents/NetBeansProjects/AssignmentPRJ/src/java/filter/User.java</file>
            <file>file:/C:/Users/ADMIN/Documents/NetBeansProjects/AssignmentPRJ/web/Edit.jsp</file>
            <file>file:/C:/Users/ADMIN/Documents/NetBeansProjects/AssignmentPRJ/src/java/productControl/AddServlet.java</file>
            <file>file:/C:/Users/ADMIN/Documents/NetBeansProjects/AssignmentPRJ/src/java/entry/Product.java</file>
            <file>file:/C:/Users/ADMIN/Documents/NetBeansProjects/AssignmentPRJ/src/java/homeControl/EditPer.java</file>
            <file>file:/C:/Users/ADMIN/Documents/NetBeansProjects/AssignmentPRJ/src/java/filter/Seller.java</file>
            <file>file:/C:/Users/ADMIN/Documents/NetBeansProjects/AssignmentPRJ/src/java/cartControl/AddToCart.java</file>
            <file>file:/C:/Users/ADMIN/Documents/NetBeansProjects/AssignmentPRJ/web/Menu.jsp</file>
            <file>file:/C:/Users/ADMIN/Documents/NetBeansProjects/AssignmentPRJ/web/Home.jsp</file>
            <file>file:/C:/Users/ADMIN/Documents/NetBeansProjects/AssignmentPRJ/src/java/homeControl/CategoryServlet.java</file>
            <file>file:/C:/Users/ADMIN/Documents/NetBeansProjects/AssignmentPRJ/src/java/homeControl/SearchServlet.java</file>
            <file>file:/C:/Users/ADMIN/Documents/NetBeansProjects/AssignmentPRJ/src/java/cartControl/LoadHis.java</file>
            <file>file:/C:/Users/ADMIN/Documents/NetBeansProjects/AssignmentPRJ/web/Detail.jsp</file>
            <file>file:/C:/Users/ADMIN/Documents/NetBeansProjects/AssignmentPRJ/src/java/cartControl/DecreaseServlet.java</file>
            <file>file:/C:/Users/ADMIN/Documents/NetBeansProjects/AssignmentPRJ/src/java/entry/Category.java</file>
            <file>file:/C:/Users/ADMIN/Documents/NetBeansProjects/AssignmentPRJ/src/java/productControl/LoadServlet.java</file>
            <file>file:/C:/Users/ADMIN/Documents/NetBeansProjects/AssignmentPRJ/web/WEB-INF/web.xml</file>
            <file>file:/C:/Users/ADMIN/Documents/NetBeansProjects/AssignmentPRJ/src/java/productControl/DeleteServlet.java</file>
        </group>
    </open-files>
</project-private>
